{"cameraMode":{"drawMode":0,"name":"Shaded","section":"Shading Mode"},"sceneLighting":false,"audioPlay":false,"sceneViewState":{"showFog":true,"showMaterialUpdate":false,"showSkybox":false,"showFlares":true,"showImageEffects":true,"showParticleSystems":true},"in2DMode":false,"pivot":{"x":3.518533706665039,"y":0.10576227307319641,"z":-3.408113718032837},"rotation":{"x":-0.021874764934182168,"y":-0.9780191779136658,"z":0.13882100582122804,"w":-0.15410548448562623},"size":9.602340698242188,"orthographic":false}